id,full_name,gender,email,birth_date,phone_number
1,Andrew Leon,Male,user1@example.com,1976-09-03,7612076470
2,Mrs. Karen Gordon,Male,user2@example.com,2001-11-27,(390)360-4637x00363
3,Stephanie Williams,Female,user3@example.com,1959-11-29,(402)926-9185x092
4,Kelly Beck,Female,user4@example.com,1972-08-05,9314535312
5,Mr. Jeremy Clark,Male,user5@example.com,2006-12-04,(849)217-6564x202
6,Brent James,Female,user6@example.com,1961-06-27,001-841-626-4714x7189
7,Samuel Hawkins,Female,user7@example.com,2003-06-14,(480)322-9016
8,Zachary Johnson,Female,user8@example.com,1964-04-18,(325)292-3205x8588
9,Kelly Brown,Female,user9@example.com,1975-10-28,001-964-451-2617x8892
10,Phillip Acosta,Male,user10@example.com,2003-09-06,676.942.9837x452
11,Brandy Phillips,Female,user11@example.com,1977-12-02,(587)550-0351x48587
12,Mark Smith,Male,user12@example.com,1981-02-02,385.231.5833
13,Kimberly Dominguez,Female,user13@example.com,1956-07-05,469-937-4510
14,John Alvarez,Male,user14@example.com,2008-09-24,+1-924-284-6321x910
15,Brandon Adams,Female,user15@example.com,1974-07-11,001-901-356-7447x226
16,Samuel Sims,Male,user16@example.com,1971-02-06,(252)570-0820x9514
17,Joann Acosta,Male,user17@example.com,2000-05-05,(232)967-9614x693
18,Isabel Hensley,Male,user18@example.com,1962-09-04,(902)993-4454x418
19,Michael Coleman,Female,user19@example.com,1998-09-14,001-659-418-3763x38167
20,Brenda Carter,Male,user20@example.com,1990-06-24,474.251.2170x23172
21,Sophia Miller,Female,user21@example.com,1958-10-11,754.919.4120x659
22,Lisa Vincent,Female,user22@example.com,1962-06-06,240-762-6005x3800
23,Hunter Berry,Female,user23@example.com,1960-01-20,743-764-4860
24,Joe Johnson,Female,user24@example.com,1957-07-14,659.221.3670x260
25,Jessica Bennett,Male,user25@example.com,2007-02-20,539.784.3178x35134
26,Andrew Harris,Female,user26@example.com,2003-05-04,392-737-6567
27,Joe Horton,Male,user27@example.com,1960-08-25,+1-862-302-3766x9388
28,Justin Harris,Female,user28@example.com,1988-07-18,(258)723-9895
29,Richard Fischer,Male,user29@example.com,2002-12-15,(529)727-2992
30,Daniel Hernandez,Male,user30@example.com,1975-12-01,681-248-1693
31,Brandon Montes,Female,user31@example.com,1990-08-30,843-765-8105x2699
32,Rachel Lopez,Female,user32@example.com,1964-03-30,384.489.0752
33,Mr. Timothy Adams DVM,Male,user33@example.com,1991-08-20,(520)336-7163
34,Maria Reed,Male,user34@example.com,2004-02-03,996.960.6707
35,Antonio Lamb,Female,user35@example.com,2003-12-19,001-520-541-6774x0082
36,Calvin Ray,Male,user36@example.com,2000-08-04,625-694-2188x0787
37,Nicole Duncan,Male,user37@example.com,1986-02-14,590.473.7958x358
38,Lindsay Brooks,Female,user38@example.com,1979-10-23,4216687014
39,Sean Miranda II,Female,user39@example.com,1958-07-02,001-458-351-6809
40,Sarah Taylor,Female,user40@example.com,1989-02-26,001-329-889-7521x058
41,Johnny Wolf,Female,user41@example.com,2007-03-11,(906)994-0200x88798
42,Emily Smith,Male,user42@example.com,1970-07-11,(983)552-8839x59378
43,Makayla Rosario,Male,user43@example.com,1954-12-09,+1-899-988-7359x0547
44,Catherine Larson,Female,user44@example.com,1960-05-29,903.513.2367x31035
45,Leslie Atkinson,Female,user45@example.com,2011-01-25,7327591611
46,Denise Smith,Female,user46@example.com,1999-10-24,875.225.6967x197
47,Katherine Anderson,Female,user47@example.com,1955-08-15,498.296.5200x7915
48,Christie Olson,Female,user48@example.com,1993-12-29,226.802.7801
49,Kelsey Sandoval,Female,user49@example.com,1957-10-13,(656)262-8270
50,Robert Clark,Male,user50@example.com,2001-11-25,4587016407
51,Jennifer Rodriguez,Female,user51@example.com,2006-04-08,951-600-1835x78192
52,Ashley Bailey,Male,user52@example.com,1957-10-01,(742)308-1772
53,John Allen,Male,user53@example.com,2005-07-27,687.869.2416x82967
54,Sarah Atkinson,Female,user54@example.com,2009-01-03,001-846-540-3808x40706
55,Aaron Ramirez,Female,user55@example.com,1997-04-28,+1-787-479-6009
56,Anthony Kaiser,Male,user56@example.com,1974-06-30,299.845.3834
57,Amy Miranda MD,Female,user57@example.com,1960-01-08,001-363-830-7388x415
58,Aaron Morgan,Female,user58@example.com,1981-01-11,938-993-4506x88753
59,Dr. Matthew Ray,Female,user59@example.com,2008-06-14,673-404-1570x1629
60,Joseph Smith,Male,user60@example.com,1966-04-18,3565478816
61,Michael Atkins,Male,user61@example.com,1995-12-24,849.304.4657x73959
62,Amy Smith,Female,user62@example.com,1993-08-29,001-424-450-5979x89960
63,Pamela Spence,Female,user63@example.com,1985-02-21,322.386.1947x43691
64,David Terry,Male,user64@example.com,1959-08-01,+1-687-903-1668x013
65,Jennifer Wright,Male,user65@example.com,1996-04-13,827.855.8121
66,Edward Ewing,Female,user66@example.com,1972-01-17,315.225.7288
67,Tracey Torres,Female,user67@example.com,1983-01-26,+1-246-748-5284x444
68,Adrian Jones,Female,user68@example.com,1965-08-01,810.650.3911x3455
69,Kevin Rodriguez,Male,user69@example.com,1997-10-03,(506)751-7168
70,Joshua Guzman,Female,user70@example.com,2009-03-22,+1-429-327-1765
71,Janet Bowen,Female,user71@example.com,1967-09-01,523-670-7897
72,Michael Gonzalez MD,Male,user72@example.com,1980-01-10,001-442-757-2397
73,James Anderson,Female,user73@example.com,2001-07-24,001-332-551-2018x6860
74,Thomas Underwood,Female,user74@example.com,2000-05-05,411.391.7420x92371
75,Ryan Owen,Female,user75@example.com,1959-10-23,9798621774
76,Michael Turner,Female,user76@example.com,2004-02-23,+1-355-640-2373x31077
77,Austin Carr,Female,user77@example.com,1989-07-13,(284)958-3370
78,Ruben Cameron,Male,user78@example.com,1979-09-01,234-465-7970x7366
79,David Mason,Female,user79@example.com,1955-05-21,259.537.7869x682
80,Pamela Ward,Female,user80@example.com,1971-12-28,506-238-1151x314
81,Diane Taylor,Male,user81@example.com,1967-09-28,(507)536-1372
82,Karen Park,Female,user82@example.com,2005-12-09,(586)672-2756
83,Alexander Herring,Male,user83@example.com,2004-11-20,+1-587-469-4262x0715
84,Caroline Smith,Male,user84@example.com,2010-04-16,001-923-729-4676
85,Kayla Porter,Male,user85@example.com,1980-07-09,272-938-0452x30718
86,Michael Cook,Female,user86@example.com,2007-05-02,(829)536-8997x6359
87,Victoria Schwartz,Male,user87@example.com,1978-08-29,595-779-1168x81805
88,Stephen Davidson,Male,user88@example.com,1991-05-02,(960)296-5459x8390
89,Ryan James,Female,user89@example.com,1989-08-22,+1-887-414-8195x444
90,Luke Nelson,Male,user90@example.com,2006-11-07,3948990462
91,Shelly Nelson,Female,user91@example.com,1990-07-21,(898)445-6561
92,Jennifer Walker,Male,user92@example.com,1955-11-08,7556896577
93,Daniel Murphy,Female,user93@example.com,1970-02-02,001-221-299-3829x458
94,Shane Simpson,Male,user94@example.com,1998-01-03,(677)666-3084x4945
95,Rachel Williams,Female,user95@example.com,1975-04-13,856-782-5821x2259
96,Carolyn Kelly,Female,user96@example.com,1997-06-24,(365)774-2668x924
97,Timothy Martin,Female,user97@example.com,1959-01-31,685.673.3328x825
98,Denise Bowers,Female,user98@example.com,1967-11-05,745.729.3046
99,David Cantu,Female,user99@example.com,1979-06-08,(344)334-3619x981
100,Donna Nelson,Female,user100@example.com,1994-05-25,594-582-4055
101,Edward Wolfe,Female,user101@example.com,1999-01-27,+1-359-575-8727x000
102,Dana Smith,Male,user102@example.com,1969-04-08,893-997-9860
103,Brent Cain,Female,user103@example.com,1970-09-08,+1-750-853-0524x668
104,Daniel Luna,Female,user104@example.com,1998-02-02,(575)403-0005x429
105,Kyle Rodgers,Male,user105@example.com,2005-08-27,3536563744
106,Kelly Garner MD,Male,user106@example.com,1973-08-04,+1-818-374-4281x765
107,Danielle Edwards,Female,user107@example.com,1962-07-14,(884)465-4262
108,Jeffrey Neal,Male,user108@example.com,1980-11-28,245.400.0034x11241
109,Ryan Herman,Male,user109@example.com,1994-01-26,960.939.5061x88723
110,Jamie Cruz,Female,user110@example.com,1986-06-25,001-627-466-0424x4896
111,Timothy Castillo,Male,user111@example.com,1993-05-21,+1-907-360-6009x710
112,Robert Valdez,Male,user112@example.com,1982-11-12,+1-900-436-8144x70485
113,Michael Smith,Female,user113@example.com,1994-08-30,884-514-5154x2835
114,Nicole Lee,Female,user114@example.com,1999-09-05,449.410.6997x12288
115,Brian Park,Male,user115@example.com,1955-04-15,645.419.6471
116,Heather Brown,Male,user116@example.com,1958-07-07,897.757.7058
117,Wayne Lopez,Male,user117@example.com,2005-05-02,808-788-7117x5001
118,Mrs. Megan Alexander,Female,user118@example.com,1989-08-01,001-808-562-1265x661
119,Julia Shaw,Male,user119@example.com,1994-11-22,+1-416-258-8650x33414
120,Anthony Stanton,Male,user120@example.com,1979-03-10,(758)968-4965x72028
121,Toni Turner,Female,user121@example.com,1983-01-28,+1-206-877-7603x7045
122,Amy Harvey,Female,user122@example.com,1976-03-07,981.501.5731x208
123,James Sullivan,Male,user123@example.com,1973-08-13,(882)444-3352
124,Joshua Perez,Male,user124@example.com,1954-09-01,(262)632-5887x63664
125,Jamie Rodriguez,Female,user125@example.com,1959-05-04,(232)906-9592x38609
126,John Roman,Female,user126@example.com,1988-04-03,001-713-379-2605x06827
127,Mrs. Adriana Mcneil DDS,Female,user127@example.com,1960-11-06,+1-580-967-5984
128,Gregory Phillips,Female,user128@example.com,1986-11-07,812-930-9024
129,Karl Moore,Male,user129@example.com,1989-10-11,936.931.0632x815
130,Diana Torres,Male,user130@example.com,1962-07-31,001-306-798-3790x51140
131,Aimee Hale,Male,user131@example.com,2010-04-12,001-962-650-7606x6723
132,Erin Jones,Female,user132@example.com,2003-04-15,(306)708-0960
133,Shawn Novak,Male,user133@example.com,1978-05-14,(230)574-4776x410
134,Gabriela Henry,Male,user134@example.com,1980-10-01,+1-671-572-5514x3307
135,John Sanders,Male,user135@example.com,2010-10-30,9706672197
136,John Webb,Male,user136@example.com,1960-01-25,+1-582-583-0693x777
137,Mr. Jonathan Thomas,Male,user137@example.com,1969-07-30,638.298.5702x467
138,Lori Reynolds,Female,user138@example.com,1999-09-11,+1-666-325-0906x79022
139,Katherine Huffman,Female,user139@example.com,1959-05-25,001-813-349-2535x1186
140,Victor Anderson,Female,user140@example.com,1983-11-16,001-819-259-9492x62231
141,Jennifer Hudson,Female,user141@example.com,1961-09-19,(488)212-1114
142,Brittney Stevenson,Male,user142@example.com,2004-11-05,+1-514-961-3472x5729
143,Dawn Schultz,Female,user143@example.com,1983-09-25,+1-414-385-2810
144,Nicole Ray,Male,user144@example.com,1972-09-30,+1-906-690-9758x220
145,Karen Craig,Female,user145@example.com,1979-02-16,361.373.3262x545
146,Kelly Howard,Female,user146@example.com,1973-06-15,+1-432-339-0693x8086
147,Dylan Tate,Male,user147@example.com,2003-09-06,(857)708-8105x185
148,Joshua Mcgee,Female,user148@example.com,2004-11-02,2055839055
149,Charles Colon,Male,user149@example.com,1981-09-28,(652)879-9849x2351
150,Katie Weaver,Male,user150@example.com,1970-02-16,308.296.0726
151,Amanda Stein,Male,user151@example.com,1958-01-14,(512)576-4873
152,Ashley Lane,Female,user152@example.com,1974-03-13,+1-487-492-2060x1352
153,Charles Campbell,Male,user153@example.com,1990-07-06,(465)370-2984x93686
154,Matthew Hoffman,Female,user154@example.com,2002-05-17,+1-683-535-8256x9619
155,Teresa Tucker,Male,user155@example.com,1964-06-22,304-623-6926x5320
156,Eileen Gilmore,Female,user156@example.com,1957-06-26,001-954-613-9933
157,Tammy Macias,Male,user157@example.com,1990-06-09,590-632-6743x730
158,Kenneth Ward,Male,user158@example.com,1979-12-12,357-701-1521x86302
159,Katie Gonzalez,Male,user159@example.com,1960-11-19,249-544-4598x2045
160,Mark Rosario,Female,user160@example.com,1991-08-07,518.372.9806x452
161,Erica Frederick,Male,user161@example.com,2004-02-15,276.620.7924x88039
162,Christopher Curry,Male,user162@example.com,2003-03-13,001-765-408-1351x1156
163,Katelyn Hardy,Female,user163@example.com,1965-09-26,695-954-1560
164,James Phillips,Male,user164@example.com,1984-02-25,(381)764-6571
165,Jodi Duarte,Male,user165@example.com,1974-07-12,6849339631
166,Donna Patton,Male,user166@example.com,2004-11-02,001-935-861-8671x084
167,Sarah Bryant,Female,user167@example.com,1998-12-14,846-984-0895x24480
168,Jerry Barrett,Female,user168@example.com,2007-05-28,(680)216-8941
169,Roy Robinson,Male,user169@example.com,1961-11-16,+1-771-235-8912x5480
170,Michael Carroll,Male,user170@example.com,1973-09-19,001-562-958-2844x20682
171,Justin Williams,Male,user171@example.com,1987-04-19,+1-369-591-0851
172,Ariana Bailey,Male,user172@example.com,2006-09-27,001-751-701-2884x69697
173,Jay Brown,Female,user173@example.com,2001-10-22,+1-779-525-6734x456
174,Jodi Walker,Male,user174@example.com,1960-11-16,797-275-2528x851
175,Erika Odonnell,Male,user175@example.com,1982-07-16,001-413-288-1831x505
176,Jessica Swanson,Male,user176@example.com,1974-08-24,340-204-1647
177,Scott Perez,Female,user177@example.com,1967-12-16,529-706-4440
178,Jordan Kelley,Male,user178@example.com,1962-08-01,+1-440-738-4092
179,Bryan Terry,Female,user179@example.com,1984-10-18,+1-711-672-2379x8305
180,Robert Brown,Male,user180@example.com,1969-03-13,311-620-4366x62734
181,Eric Stephens,Female,user181@example.com,1980-10-28,943-245-2945x537
182,Jenny Flores,Female,user182@example.com,1972-01-26,001-284-224-2761x8545
183,Tyler Conley,Male,user183@example.com,2006-09-20,985.511.0488x1820
184,Lori Tran,Female,user184@example.com,1997-09-11,(437)727-2746
185,Lori James,Male,user185@example.com,2002-12-27,+1-760-303-8563
186,Kevin Silva,Male,user186@example.com,1981-03-25,265.834.0175
187,Joel Brown,Female,user187@example.com,1956-11-12,001-616-630-7229x2679
188,Alice Brooks,Male,user188@example.com,1992-02-03,9857842816
189,James Hendrix,Male,user189@example.com,1985-07-27,857-720-5183x320
190,Zachary Obrien,Male,user190@example.com,1958-01-09,9973369321
191,Ian Kelly,Male,user191@example.com,1957-02-12,324-707-0554x2078
192,Daniel Vaughn,Male,user192@example.com,1989-06-20,001-238-506-0527x629
193,Allen Stewart,Female,user193@example.com,2006-11-02,(257)282-4163
194,Wendy Vazquez,Female,user194@example.com,1991-03-19,441-286-5634
195,Dorothy Dawson,Male,user195@example.com,1997-07-04,2187981896
196,Jeff Parks PhD,Male,user196@example.com,1962-03-31,(717)321-9699x552
197,Douglas Richards,Male,user197@example.com,1996-09-07,001-619-826-4495x0169
198,Kenneth Andrews,Female,user198@example.com,1956-07-14,(504)342-6390x0607
199,Tamara Banks,Female,user199@example.com,1974-01-08,505.491.1053x59518
200,Glenda Small,Male,user200@example.com,2002-02-25,908-406-4943x7269
201,Michael Ramos,Male,user201@example.com,2003-03-02,456.830.7214x28361
202,Angela Wilson,Female,user202@example.com,2008-05-07,8596028321
203,Christy Wright,Male,user203@example.com,2005-12-16,(479)367-6910
204,Robert Brown,Female,user204@example.com,1972-12-29,(779)947-9428
205,Paul Franklin,Female,user205@example.com,2003-12-21,+1-789-341-6249x3108
206,Kelly Wilson,Male,user206@example.com,1963-01-18,001-698-982-7983x935
207,Crystal Davila,Male,user207@example.com,1977-02-28,524-236-6655x9035
208,Victor Taylor,Male,user208@example.com,1972-11-21,894-272-0724x279
209,Kiara Bruce,Female,user209@example.com,1973-05-09,872-781-7914x3963
210,Robin Lopez,Male,user210@example.com,1985-11-29,674.586.4481
211,Nicole Bishop,Male,user211@example.com,1954-11-04,+1-990-903-6221x439
212,Neil Miller,Male,user212@example.com,1999-06-30,001-450-301-7458x46830
213,Robert Smith,Female,user213@example.com,1998-06-30,656.457.2803
214,Paul Guerrero,Male,user214@example.com,2003-11-24,001-214-751-4859x01625
215,Courtney Johnson,Male,user215@example.com,1959-03-19,+1-338-721-3408
216,Bradley Jones,Female,user216@example.com,2010-12-06,001-400-840-4083
217,Judy Randolph,Male,user217@example.com,1992-06-16,4238302590
218,Ryan Arnold,Male,user218@example.com,1998-03-22,7607538598
219,Gregg Atkins,Female,user219@example.com,1976-08-20,4926699249
220,Stephanie Calhoun,Male,user220@example.com,1992-03-04,408-960-2503x6302
221,Matthew Hurley,Female,user221@example.com,1972-12-23,234-538-0330
222,John Jackson,Male,user222@example.com,1988-11-02,402-399-1730x30585
223,Andrea Allen,Male,user223@example.com,2007-02-08,+1-862-736-1972x060
224,Glenn Bradley,Male,user224@example.com,1979-06-21,2883290284
225,Brian Wolfe,Female,user225@example.com,1982-10-19,4297905983
226,Sonia Wilson,Female,user226@example.com,2007-12-24,8874945598
227,Julia Brown,Female,user227@example.com,1994-09-03,980.425.6092x309
228,Jennifer Pearson,Male,user228@example.com,1972-12-13,(628)372-8858x143
229,Maria Yates,Male,user229@example.com,1984-03-05,681-279-2531
230,Gary Porter,Female,user230@example.com,2004-10-11,256-743-7086x87562
231,James Boone,Male,user231@example.com,1966-02-09,+1-682-223-7249
232,Morgan Green,Female,user232@example.com,1990-08-18,+1-200-451-0057x947
233,David Gomez,Female,user233@example.com,1979-01-28,4118992918
234,Cheryl Velez,Male,user234@example.com,1982-04-13,955.830.7043x475
235,Ruth Shelton,Male,user235@example.com,1993-12-07,360.816.6069
236,Dustin Jackson,Female,user236@example.com,1965-10-19,+1-636-458-6070
237,Cindy Bishop,Female,user237@example.com,1957-06-11,(335)317-6331x88525
238,Jennifer Vega,Female,user238@example.com,1956-12-16,308-596-9747
239,Joyce Mendoza,Female,user239@example.com,1995-06-12,218-302-4136
240,Dana Werner,Male,user240@example.com,2005-12-29,895-762-1996x977
241,William Coleman,Male,user241@example.com,1959-11-02,+1-889-825-0475x0894
242,Stephanie Graham,Female,user242@example.com,1995-07-05,776-328-1202x220
243,Zachary Barker,Female,user243@example.com,2011-06-24,517-868-9208x493
244,Sarah Berry,Male,user244@example.com,2004-04-29,001-697-972-6395
245,Joshua Dominguez,Male,user245@example.com,1967-04-26,+1-370-586-2795x47761
246,Jermaine Johnson,Male,user246@example.com,1997-01-31,(998)392-9320
247,Laurie Strickland,Female,user247@example.com,1967-09-13,802-788-8526x4007
248,Steven Haas,Female,user248@example.com,1980-09-07,+1-370-971-3327x0882
249,Shaun Mitchell,Female,user249@example.com,1961-03-19,001-226-510-3993x806
250,Timothy Kirk,Male,user250@example.com,1992-03-16,960.577.8206x7452
251,Teresa Norris,Female,user251@example.com,1977-05-01,+1-202-487-3835x10630
252,James Thomas,Male,user252@example.com,2009-06-02,001-664-915-9303x702
253,Katherine Ali,Female,user253@example.com,1960-12-09,+1-381-649-8194x6904
254,Patricia Brown,Female,user254@example.com,1973-05-27,714-644-9107
255,Elizabeth Rodriguez,Female,user255@example.com,1957-01-29,562-417-0772x924
256,Gabrielle Koch,Male,user256@example.com,1956-04-06,792.879.7218x20399
257,Alexa Giles,Female,user257@example.com,1976-09-12,415.627.7651
258,Bradley Li,Female,user258@example.com,1988-05-16,8303134347
259,Oscar Davis,Male,user259@example.com,1975-06-30,001-850-796-2523
260,David Garrett,Male,user260@example.com,1992-07-30,+1-918-358-9105
261,Cynthia Cole,Female,user261@example.com,1956-09-17,340-708-0994
262,Wanda Cunningham,Female,user262@example.com,1970-12-27,001-810-838-1695x23739
263,Michael Cordova,Female,user263@example.com,1975-04-04,739.664.1761x9190
264,Lauren Dillon,Male,user264@example.com,1996-05-05,3369129568
265,Erika Rose,Male,user265@example.com,2005-02-26,001-352-408-3970x711
266,Rebecca Horton,Female,user266@example.com,1968-12-07,(330)604-1464x20871
267,Beth Dalton,Female,user267@example.com,1975-12-23,(394)902-0746x748
268,Sheila Taylor,Female,user268@example.com,1994-04-09,+1-365-903-7678
269,Shelby Jones,Female,user269@example.com,1989-04-25,+1-344-979-2898x9181
270,Jim Stokes,Male,user270@example.com,1993-10-27,(938)313-8560x5921
271,Elijah Montgomery,Male,user271@example.com,1955-06-17,(604)450-9646x99118
272,Desiree Lopez,Female,user272@example.com,1957-07-03,742-563-8979
273,Tanya Lewis,Female,user273@example.com,1985-03-07,433.413.7181x9813
274,Sherry Allen,Male,user274@example.com,1982-01-28,(787)480-8265
275,Mary Prince,Male,user275@example.com,1982-07-24,740.823.2814
276,Kayla Harmon,Male,user276@example.com,1980-12-31,(403)454-9904x098
277,Heidi Booth,Male,user277@example.com,1964-09-14,9044870039
278,Gregory Rodriguez,Female,user278@example.com,1984-12-01,885.380.2182
279,Rachel Nguyen,Female,user279@example.com,2005-12-26,(280)663-3474x40076
280,William Olson MD,Female,user280@example.com,2005-06-30,(678)306-3674
281,Matthew Hamilton,Male,user281@example.com,1997-08-20,+1-652-757-6123x2324
282,Judy Miller,Male,user282@example.com,1989-11-15,5906448082
283,Mrs. Elizabeth Villegas,Male,user283@example.com,1993-09-15,(619)682-6153
284,Wanda Steele,Male,user284@example.com,1989-11-29,+1-944-481-3190
285,Craig Harmon,Female,user285@example.com,1963-01-05,5084324737
286,Wesley Hayes,Female,user286@example.com,1962-01-12,229-851-3056x23882
287,Sarah Crawford,Female,user287@example.com,1986-04-06,522-348-7225
288,Jamie Yang,Female,user288@example.com,2008-02-05,602-889-2412x98391
289,Kyle Cook,Male,user289@example.com,1984-11-21,+1-573-960-1199x03601
290,Brianna Davis,Female,user290@example.com,1956-10-09,+1-364-835-5567x9113
291,Anthony Schultz,Male,user291@example.com,1997-08-10,393-288-9629x58632
292,Leslie Shields,Male,user292@example.com,1969-12-12,(479)980-8974x19088
293,Devin Miller,Male,user293@example.com,1989-08-14,+1-791-521-9884x71926
294,Krista Martin,Female,user294@example.com,1987-11-17,841.206.9982x215
295,Benjamin Clarke,Female,user295@example.com,1968-12-31,(272)910-0210
296,Brent Taylor,Female,user296@example.com,1967-01-27,001-979-972-3707x518
297,Hannah Ramirez,Female,user297@example.com,2007-04-26,001-240-274-1346x555
298,Austin Perez,Female,user298@example.com,1989-11-12,773.781.4960
299,Lindsay Reeves,Female,user299@example.com,1995-05-15,637-767-3801x3243
300,Jennifer Rogers,Male,user300@example.com,1977-08-03,3897340943
301,David Harris,Male,user301@example.com,1984-12-23,+1-796-438-1297x02747
302,Dr. Sandra Knight,Male,user302@example.com,1974-07-29,001-457-803-5601
303,Jason Barrera,Male,user303@example.com,1967-10-15,381-972-6162x5430
304,Jill Lyons,Male,user304@example.com,1996-11-02,001-806-307-0263x4178
305,Randy Carr,Female,user305@example.com,2006-09-16,001-289-514-1260
306,Jeffrey Dickson,Female,user306@example.com,1983-02-03,(452)465-0672x884
307,Aaron Stout,Male,user307@example.com,1985-12-27,(556)686-5564x82713
308,Angela Diaz,Male,user308@example.com,1965-05-05,(506)415-4251x57831
309,Charles Morales,Female,user309@example.com,2005-04-05,001-553-952-8756x8049
310,Denise Howard,Male,user310@example.com,1997-08-24,893-431-7541
311,Tony Adams,Female,user311@example.com,1985-03-20,+1-812-601-9834
312,David Walker,Female,user312@example.com,1970-10-14,769-555-0059
313,Jeremy Dixon,Male,user313@example.com,1956-01-28,001-253-483-2820x711
314,Jack Dean,Female,user314@example.com,2000-06-09,871.201.8130
315,Caroline Schwartz,Female,user315@example.com,2009-02-23,001-339-514-1503x4705
316,Brian Richard,Female,user316@example.com,1973-12-21,868.708.0418
317,Patricia Knapp,Female,user317@example.com,2003-10-11,+1-470-969-3285x70111
318,Andrew Garcia,Male,user318@example.com,2006-11-07,8482369536
319,Brittany Stephens,Female,user319@example.com,1987-05-07,852-236-2815x88491
320,Claudia Cox,Female,user320@example.com,1989-10-05,(225)499-6670
321,Brian Burns,Male,user321@example.com,1956-03-30,(951)726-4177x8622
322,Holly Rose,Female,user322@example.com,1996-03-12,001-239-703-2351x99032
323,Michelle Harmon,Female,user323@example.com,1980-11-16,208.465.6833
324,Angela Fisher,Male,user324@example.com,2009-12-28,508.918.2649x226
325,Miranda Garrison,Female,user325@example.com,1954-12-01,513.806.1162x30245
326,Kevin Gonzales,Female,user326@example.com,1957-02-21,651-600-8177
327,Kara Spencer,Female,user327@example.com,1959-08-12,+1-325-772-5261x5716
328,Isabella Whitney,Male,user328@example.com,1974-08-26,001-277-646-3812x223
329,Heather Bryant,Female,user329@example.com,1990-06-02,001-578-310-7564
330,Jimmy Wells,Female,user330@example.com,1996-05-23,+1-604-322-2881x82444
331,Daniel Dunn,Female,user331@example.com,1980-05-06,+1-630-805-6412x374
332,Stephanie Blake,Female,user332@example.com,1955-03-01,240.883.4484x1343
333,Jeffrey Coleman,Male,user333@example.com,2009-06-01,001-692-953-6280x047
334,Tammy Anderson,Female,user334@example.com,1974-10-19,891.370.3558
335,Richard Moran,Female,user335@example.com,2005-03-15,+1-755-581-5476
336,James Serrano,Male,user336@example.com,1977-03-06,(410)605-3867x73913
337,Amanda Murphy,Female,user337@example.com,1971-10-24,001-956-750-0482
338,Benjamin Ward,Male,user338@example.com,1981-03-05,+1-811-214-0685x7470
339,John Romero,Female,user339@example.com,1969-11-22,(445)570-7908x4647
340,Leslie Nelson,Female,user340@example.com,1994-10-26,+1-385-551-9935x601
341,Christine White,Male,user341@example.com,1962-03-14,(786)291-9669
342,Renee Johnson,Male,user342@example.com,1977-10-23,644-261-6948x08489
343,Melissa Sosa,Male,user343@example.com,2007-05-04,501.228.1748
344,Jeremy Wilkins,Female,user344@example.com,1990-06-27,001-333-635-8305
345,Julie Long,Male,user345@example.com,1996-10-31,001-411-755-6961x90638
346,Thomas Page,Male,user346@example.com,2001-04-21,001-593-365-2494
347,Kevin Gould,Male,user347@example.com,1974-12-10,+1-207-608-5356
348,Teresa Brown,Female,user348@example.com,1992-09-23,+1-729-711-1556x892
349,David Blackburn,Male,user349@example.com,1981-12-28,468-625-6181
350,Andrea Hughes,Male,user350@example.com,1973-11-04,+1-855-219-6212x62746
351,Alexis Navarro,Female,user351@example.com,2009-03-21,548-681-0610x45318
352,Terry Sanchez,Male,user352@example.com,1983-09-23,(363)330-1253x9920
353,Gabriela Graves,Male,user353@example.com,2002-08-25,607-202-6289x82375
354,Susan Jenkins,Female,user354@example.com,1991-01-15,(695)578-1571x3122
355,William Williams,Male,user355@example.com,2008-07-02,(569)549-1614x9163
356,Johnny Price,Male,user356@example.com,2005-05-01,336.587.2022x65825
357,Theresa Henry,Female,user357@example.com,1968-07-16,001-328-970-8548x54958
358,Jasmine Hernandez,Male,user358@example.com,2010-04-20,+1-305-581-2030
359,John Woods,Female,user359@example.com,1985-12-18,+1-424-592-4109x46545
360,Kimberly Love,Male,user360@example.com,1967-08-01,(261)771-2785x814
361,Ana Wells,Male,user361@example.com,2006-04-26,825-541-2708x91734
362,Marc Kaiser,Female,user362@example.com,1977-02-09,8889472612
363,Debbie Rogers,Female,user363@example.com,1989-09-25,227.853.4081x12818
364,Chelsea Stone,Male,user364@example.com,1993-02-06,894-825-6089x5528
365,Gail Edwards MD,Female,user365@example.com,2002-02-12,310.464.9440
366,Lisa Stone,Female,user366@example.com,1976-12-22,587-317-7661
367,Mark Martinez,Male,user367@example.com,1998-05-10,+1-463-200-0559x1799
368,Maria Gonzales,Male,user368@example.com,2008-01-18,9862440961
369,Ellen Barnett,Male,user369@example.com,1982-04-30,001-855-826-6932x86457
370,Susan Serrano,Female,user370@example.com,1988-06-14,001-795-249-9632x9499
371,Colin Arnold,Female,user371@example.com,1980-07-01,467.619.7261x055
372,Sarah Townsend,Female,user372@example.com,1977-06-25,001-863-236-1275
373,Matthew Duncan,Male,user373@example.com,2010-11-07,001-957-359-5615x371
374,Kara Jackson,Female,user374@example.com,1976-07-21,+1-420-767-6100
375,Terry Smith,Male,user375@example.com,1967-07-06,241.881.7017x88382
376,Carrie Johnson,Male,user376@example.com,1961-11-03,001-489-618-5135x33890
377,Brandon Flores,Female,user377@example.com,1969-12-24,(262)717-7674x402
378,Jaime Hernandez,Male,user378@example.com,1957-12-04,001-567-537-7878
379,Michelle Edwards,Male,user379@example.com,1963-08-11,+1-798-956-1672x6621
380,William Bailey,Female,user380@example.com,1979-01-31,4503435915
381,Laura Castillo,Male,user381@example.com,1974-06-15,586.465.7533x199
382,Frank Smith,Male,user382@example.com,1994-05-05,824-217-0293x591
383,Karen Jimenez,Female,user383@example.com,2002-07-14,748-687-4551x561
384,Patrick Smith,Female,user384@example.com,1982-01-28,(862)264-9102x07317
385,Bobby Elliott,Female,user385@example.com,1955-11-05,001-272-743-3967x22819
386,James Thomas,Female,user386@example.com,2007-09-10,289.713.5996
387,Karen Stokes,Female,user387@example.com,1982-12-01,8562984961
388,Joshua Wallace,Male,user388@example.com,2001-08-04,+1-938-281-7218x11236
389,Shelby Shelton,Male,user389@example.com,1965-05-24,+1-336-408-8583x53968
390,Kelly Christian,Female,user390@example.com,2000-11-15,(287)966-1329
391,Justin Fisher,Male,user391@example.com,1966-10-29,961.509.5565
392,Brandy Bartlett,Female,user392@example.com,1970-05-17,399-927-5229x7104
393,Nicholas Buchanan,Female,user393@example.com,1963-09-21,(824)957-5226x279
394,Christopher Crosby MD,Female,user394@example.com,1955-09-11,638.353.4193
395,Sandra Brown,Female,user395@example.com,2006-01-08,001-631-374-4682
396,Brad Norman,Female,user396@example.com,1967-02-16,+1-332-996-2364
397,Becky Allen,Female,user397@example.com,1966-10-25,+1-527-832-3917x9465
398,Peggy Jones,Female,user398@example.com,1997-10-07,001-630-271-4871x772
399,Robert Sullivan,Female,user399@example.com,2001-09-22,583.229.8635
400,Brianna Butler,Female,user400@example.com,2010-12-07,+1-556-523-4180
401,Candice Wyatt,Male,user401@example.com,1990-12-08,+1-481-646-0703x8175
402,Brian Carey,Male,user402@example.com,2001-05-17,2697290407
403,Matthew Moran,Female,user403@example.com,1975-04-12,7979074357
404,Monica Harris,Male,user404@example.com,1976-04-27,3392017958
405,David Long,Male,user405@example.com,2009-11-10,918.596.2990x221
406,Gail Martinez,Female,user406@example.com,2009-01-24,910.441.7314x1814
407,Kenneth Douglas,Male,user407@example.com,1965-01-12,(658)972-8712x8535
408,Mark Ortiz,Male,user408@example.com,1991-07-14,734-893-3934
409,Heather Daniels,Female,user409@example.com,1971-12-06,001-746-325-8322x232
410,Gregory Bradford,Male,user410@example.com,1971-12-17,+1-606-339-5398
411,Shelly Howard,Female,user411@example.com,1975-10-12,+1-278-456-4250x2700
412,James Scott,Male,user412@example.com,1971-09-25,(663)532-5232
413,David Torres,Female,user413@example.com,1977-05-23,726.236.1204x620
414,Brandon Williams,Female,user414@example.com,1976-07-06,001-730-512-9777x719
415,Elizabeth Garcia,Female,user415@example.com,1994-06-21,877.326.6176x153
416,Crystal Jones,Female,user416@example.com,1962-03-01,(471)811-8000x42329
417,James Benton,Male,user417@example.com,2002-03-22,001-885-262-7552x400
418,Natalie Gibbs,Female,user418@example.com,2011-05-28,001-878-438-4803x9465
419,Heather Stone,Female,user419@example.com,1979-12-19,(812)282-6090x773
420,Elizabeth Johnson,Female,user420@example.com,1993-11-09,644.266.1853x5676
421,Susan Lloyd,Female,user421@example.com,1963-12-03,001-348-344-4271
422,Meghan Daugherty,Female,user422@example.com,1966-09-14,675.777.5890
423,Kelsey Christensen,Female,user423@example.com,1974-12-02,374.291.6107x0256
424,Angela Christian,Male,user424@example.com,2007-11-01,+1-312-353-5344x45035
425,Seth Parks,Male,user425@example.com,2006-03-29,501.612.9810
426,Brian Thompson,Female,user426@example.com,1970-04-16,+1-827-515-9495x66598
427,Jason Blair,Female,user427@example.com,1957-03-17,+1-406-530-6465
428,Thomas Smith,Female,user428@example.com,1982-06-06,(591)930-0355x222
429,Neil Ramirez,Male,user429@example.com,1999-06-20,(564)376-2073x715
430,Carolyn Hancock,Female,user430@example.com,1996-07-05,712-463-4546
431,Scott Lawson,Male,user431@example.com,1994-11-02,933-654-9694
432,Christian Henderson,Female,user432@example.com,1999-12-12,+1-745-914-8555
433,Patricia Lewis,Female,user433@example.com,2004-04-05,+1-606-247-3771x92264
434,Earl Walton,Female,user434@example.com,1992-02-05,752.918.9393
435,April Davis,Female,user435@example.com,1956-08-13,2017445227
436,Anthony Mitchell,Male,user436@example.com,1982-07-04,(225)775-6089
437,James Mueller,Female,user437@example.com,1957-07-18,952-409-0940
438,Summer Brown,Female,user438@example.com,1963-01-21,813-211-6466x842
439,Betty Johnson,Male,user439@example.com,1970-11-13,2678150704
440,Kevin Jones,Female,user440@example.com,1957-01-23,+1-293-332-6251x641
441,Timothy Palmer,Male,user441@example.com,1975-11-22,606-590-9623
442,Amber Smith,Female,user442@example.com,1956-02-01,(773)903-3957x7405
443,Melissa Vargas,Male,user443@example.com,1976-03-18,352-476-5374
444,Karen Woods,Female,user444@example.com,2005-09-10,+1-345-570-5722x51799
445,Michael Hamilton,Female,user445@example.com,1994-03-26,001-887-495-9333x41980
446,Susan Payne,Female,user446@example.com,1968-11-19,(935)841-7206
447,Scott Patel,Female,user447@example.com,1972-04-12,+1-395-309-4959
448,Bruce Knapp,Female,user448@example.com,1989-08-22,+1-532-557-3103x6003
449,Matthew Evans,Male,user449@example.com,2006-12-21,591.502.9046x67319
450,Caroline Brown,Female,user450@example.com,1965-02-25,001-421-398-0950x20305
451,Sharon Wiggins,Male,user451@example.com,1961-12-20,+1-268-566-4881x189
452,Kimberly Miller,Female,user452@example.com,2010-05-08,001-759-905-5245
453,Bruce Brooks,Male,user453@example.com,2004-05-31,001-476-682-4712x59865
454,Devin Olsen,Male,user454@example.com,1993-06-03,(422)825-7875x178
455,David Chen,Female,user455@example.com,1981-12-31,905-529-0000
456,Steven Turner,Female,user456@example.com,1988-03-31,+1-902-602-3588x7779
457,Peter Hoover,Female,user457@example.com,1983-01-07,204.288.1362x618
458,Sara Gordon,Female,user458@example.com,1975-06-02,319-492-9068
459,Robert Greer,Female,user459@example.com,1977-05-13,875.855.5274x9929
460,Jeffrey Anderson,Male,user460@example.com,1993-05-14,463-929-2820x2780
461,Cathy Palmer,Female,user461@example.com,1983-01-01,378.278.1219
462,Lindsay Morgan,Male,user462@example.com,1983-03-21,4946168309
463,Cynthia Burton,Male,user463@example.com,1997-08-21,(205)706-5254x2178
464,Deborah Smith,Male,user464@example.com,1981-10-29,276.840.6599x9653
465,Terrence Jennings,Female,user465@example.com,2010-07-21,001-451-291-8277
466,Brian Harrison,Male,user466@example.com,1963-08-04,001-873-724-8117
467,Christy Williams,Female,user467@example.com,1975-09-16,997.620.9048
468,Christine Franco,Female,user468@example.com,1980-12-17,001-361-256-3616x6692
469,Christopher Perez,Male,user469@example.com,1987-04-24,4852705571
470,Howard Hayes,Male,user470@example.com,2009-07-20,313.503.4396x404
471,William Henry,Male,user471@example.com,1989-05-08,+1-293-755-7584x0552
472,Dawn Jacobs,Female,user472@example.com,1972-10-29,921-330-2940x93259
473,Christine Cabrera,Female,user473@example.com,1981-05-31,563-870-9094
474,Laura Nicholson,Female,user474@example.com,2011-08-12,(350)919-6416x54176
475,Michelle Long,Female,user475@example.com,1990-07-18,616.636.9749
476,Jessica Clark,Male,user476@example.com,1957-09-26,+1-825-202-1444x424
477,Jason Nguyen,Female,user477@example.com,1996-04-15,362-524-4839
478,Carmen Cobb,Female,user478@example.com,2005-02-06,582.412.4503x31139
479,Yvonne Erickson,Female,user479@example.com,1980-04-21,6316292410
480,Eduardo Elliott,Female,user480@example.com,1975-05-10,001-229-917-1682x6082
481,Alexa Benson,Male,user481@example.com,1965-11-09,4554126610
482,Zachary Kemp,Female,user482@example.com,2003-09-26,5627132734
483,Matthew Gonzalez,Female,user483@example.com,1983-01-04,738.236.1594x12725
484,Sarah Drake,Male,user484@example.com,1988-07-15,282.897.1376x72026
485,Jacob Burton MD,Male,user485@example.com,1996-01-15,(451)519-1582x6341
486,Dr. Teresa Levy,Male,user486@example.com,1985-08-09,+1-707-575-3793x27414
487,Molly Mosley,Female,user487@example.com,1973-03-30,+1-704-598-7230x433
488,Keith Larson,Female,user488@example.com,1960-10-29,339.560.9055x643
489,Evan Jackson,Female,user489@example.com,1963-02-15,747-292-3006
490,Charlotte Keller,Male,user490@example.com,1961-05-12,452-939-2433
491,Anthony Dixon,Female,user491@example.com,1998-04-18,(819)578-5054x96313
492,Brian Wilson,Female,user492@example.com,1976-07-07,822.935.8419
493,Stephen Hudson,Male,user493@example.com,2001-12-14,443-325-4475x183
494,James Boyd,Male,user494@example.com,1966-06-20,(614)646-8586
495,Melody Campbell,Male,user495@example.com,1996-11-03,+1-974-245-6007x19887
496,Stephen Hoover,Male,user496@example.com,2010-07-18,+1-891-691-0852
497,Kelly Ramirez,Female,user497@example.com,2007-11-20,(938)692-1109
498,Laura Weaver,Female,user498@example.com,1980-05-08,+1-785-667-3479
499,Marvin Miles,Female,user499@example.com,2010-01-27,403.839.6846
500,William Wilson,Male,user500@example.com,1976-07-06,808.715.7288
501,Jessica Martin,Male,user501@example.com,1961-12-30,(399)204-5413x459
502,Misty Smith,Male,user502@example.com,1979-05-01,+1-465-576-3989
503,Victoria Heath,Female,user503@example.com,1989-01-21,232.948.0332x5895
504,Kim Spencer,Male,user504@example.com,1975-07-23,425.217.2383x546
505,Charles Andrade,Male,user505@example.com,1993-02-13,(326)531-2358x712
506,Peter Ramirez,Female,user506@example.com,1965-02-07,(891)359-2175x93506
507,Seth Miller,Female,user507@example.com,1976-03-03,414.332.1484x34029
508,Jamie Bailey,Male,user508@example.com,1965-09-24,245.515.0901x150
509,Megan Robinson,Female,user509@example.com,2000-11-07,955.409.5381x6860
510,Scott Olson,Male,user510@example.com,1978-12-11,+1-764-508-5876
511,Tonya Bolton,Male,user511@example.com,2010-08-02,+1-602-230-4360x68115
512,Nicholas Oconnor,Female,user512@example.com,2005-03-20,871.515.5596x7401
513,Daniel Orozco,Male,user513@example.com,1962-05-31,001-476-599-1034
514,Jessica Bush,Female,user514@example.com,2001-01-21,364-300-0860x8456
515,Eric Thompson,Male,user515@example.com,1973-09-18,+1-385-745-9479x1508
516,Randy Clements,Female,user516@example.com,1960-11-21,313-405-7637x1089
517,Natalie Mcdonald,Male,user517@example.com,2005-04-13,(926)948-4624
518,Elizabeth Alvarez,Male,user518@example.com,1955-01-11,733-658-3273x8245
519,Maria Rogers,Female,user519@example.com,1963-01-05,001-241-602-3940x938
520,Alejandra Rodriguez,Female,user520@example.com,1965-12-01,536.411.7704
521,Sonya Castro,Male,user521@example.com,2004-10-27,809.919.6912x4154
522,Tina Wolfe,Male,user522@example.com,1965-01-26,001-310-700-2423x4356
523,Melissa Morales,Male,user523@example.com,1999-05-26,(769)874-3819x028
524,John Steele,Female,user524@example.com,1966-12-21,986-931-5564x213
525,Elizabeth Blake,Male,user525@example.com,1996-12-26,(937)707-9565x088
526,Daniel Woods,Male,user526@example.com,1984-03-24,+1-745-827-0592
527,Mrs. Megan Vasquez MD,Male,user527@example.com,1957-07-11,739.768.1835
528,Cory Spencer,Female,user528@example.com,2002-01-04,439-933-1307x55911
529,Christine Rich,Female,user529@example.com,1959-03-13,619.450.0192
530,Kimberly Simpson,Male,user530@example.com,1963-10-24,5555400711
531,Justin Colon,Male,user531@example.com,1964-07-10,525-593-8778x87345
532,Brett Cisneros,Female,user532@example.com,2009-03-27,691-840-0570
533,Robert Fuller,Female,user533@example.com,1982-08-07,273.604.1007x8516
534,Mark Ochoa,Female,user534@example.com,2001-10-09,208-395-9646
535,Alicia Bennett,Female,user535@example.com,1960-06-04,743-362-0183x602
536,Donald Serrano,Male,user536@example.com,1988-08-03,550.276.5174x8815
537,Victoria Campbell,Female,user537@example.com,1957-07-09,+1-720-270-1182x71035
538,Kirsten Carter,Male,user538@example.com,1957-07-11,833-646-8472
539,Heather Tyler,Female,user539@example.com,2003-02-06,(902)828-1267x4823
540,Jorge Martinez,Male,user540@example.com,1959-12-12,703-305-8248x555
541,Pamela Stewart,Male,user541@example.com,2011-07-12,8692296376
542,Anthony Whitaker,Female,user542@example.com,1985-07-31,900-766-3251x58151
543,Nicholas Reed,Male,user543@example.com,1972-12-11,(917)236-9628
544,Brian Marquez,Female,user544@example.com,1957-10-13,501.870.4084x769
545,Judy Gross,Female,user545@example.com,1997-07-16,318-312-2262x830
546,Jonathan Howard,Female,user546@example.com,1990-10-08,(920)397-5035x4849
547,Ricardo Hunter,Female,user547@example.com,1989-06-05,872-464-6219x80451
548,Walter Martinez,Male,user548@example.com,1969-09-11,710-924-3941
549,Dr. Katie Avila DVM,Male,user549@example.com,2007-12-25,+1-355-285-0168x18301
550,Kenneth Hendricks,Female,user550@example.com,1984-04-15,(205)239-0756x72398
551,Francisco English,Male,user551@example.com,1978-11-17,(329)543-7110x804
552,Jeffrey Gonzalez,Female,user552@example.com,1988-03-29,(361)321-5623x3654
553,Steven Snyder,Male,user553@example.com,1957-09-27,(328)362-6535x326
554,Cameron Navarro,Female,user554@example.com,1979-10-23,+1-931-339-9133x35837
555,Monica Gilbert,Female,user555@example.com,1957-07-01,001-619-648-0223x927
556,Aaron Lopez,Female,user556@example.com,1973-01-22,001-403-639-1386x39683
557,Walter Phillips,Male,user557@example.com,1955-09-23,865-945-3801x8078
558,Brandon Allen,Male,user558@example.com,1991-05-10,(379)727-0905
559,Cassandra Smith,Female,user559@example.com,2010-06-03,405-282-8338
560,Richard Estrada,Female,user560@example.com,2005-07-13,001-313-376-3474x27257
561,Justin Singh,Male,user561@example.com,1964-02-01,882.374.4212x8727
562,Joshua Jones,Male,user562@example.com,1997-07-05,4514528622
563,Sean Boone,Male,user563@example.com,2008-07-02,646.416.9445x26999
564,Melissa Rivera,Male,user564@example.com,1999-03-09,+1-931-519-7860x87857
565,Nicole Kelly,Female,user565@example.com,1969-10-19,365.338.5371x845
566,Laura Taylor,Male,user566@example.com,1959-02-15,308-983-7563
567,Katherine Gardner,Male,user567@example.com,1960-02-02,001-503-348-1002x23955
568,Debbie Parker,Female,user568@example.com,1990-04-01,240-286-0496
569,Anthony Willis,Male,user569@example.com,1976-10-05,001-994-680-1634x7682
570,Amanda Garcia,Female,user570@example.com,1995-01-22,636-600-4813
571,Brittany Anderson,Female,user571@example.com,2002-04-03,317-862-8329x863
572,Thomas Savage,Female,user572@example.com,2004-02-28,001-481-749-6189x273
573,Raymond Warner,Male,user573@example.com,1965-02-15,7309853775
574,Shari Howard,Female,user574@example.com,1965-05-19,+1-503-705-6220x5664
575,Sierra Rowe,Female,user575@example.com,1997-04-14,427-791-1274x133
576,Sean Howell,Female,user576@example.com,1961-07-30,961.880.6296
577,Jordan Guerrero,Male,user577@example.com,1998-01-25,926.613.0246x620
578,Jennifer Deleon,Male,user578@example.com,1987-10-16,938-488-2525x865
579,Ronnie Wolfe,Female,user579@example.com,1956-05-02,(497)597-3144
580,Warren Barnett,Male,user580@example.com,1996-06-06,934.582.8682x21120
581,Lucas Rosales,Male,user581@example.com,1961-12-27,(683)975-9987x9570
582,Michael King,Male,user582@example.com,1959-09-18,3178779212
583,Candace King,Female,user583@example.com,1978-01-22,(803)521-4246
584,Dakota Archer,Female,user584@example.com,1994-11-24,348.857.7370x41320
585,Bobby Washington,Female,user585@example.com,2002-07-19,+1-620-834-9343x3860
586,David Moore,Male,user586@example.com,1964-10-01,826-321-6963
587,Brianna Jones,Male,user587@example.com,1955-10-17,+1-251-441-7391x3803
588,James Lopez,Male,user588@example.com,1965-12-08,786-743-7842
589,Roger White,Male,user589@example.com,1958-04-18,+1-628-517-6791
590,Karen Wolfe,Male,user590@example.com,1995-02-28,503-400-8860
591,Jessica Wiggins,Female,user591@example.com,1977-07-19,(422)974-1889x144
592,Linda Taylor,Male,user592@example.com,2002-08-31,803.989.1979x450
593,Mr. Nicholas Davis DDS,Male,user593@example.com,1993-05-17,8023090442
594,Aaron Petty,Male,user594@example.com,2007-08-03,(954)723-6325
595,Kevin White,Female,user595@example.com,1958-01-22,+1-557-332-7165
596,Melanie Brock,Female,user596@example.com,2011-05-23,535-676-0171x064
597,Richard Arroyo,Male,user597@example.com,1982-02-20,678.691.2450
598,Erika Rodriguez,Male,user598@example.com,1973-09-28,632.914.5475x33826
599,Brian Garcia,Male,user599@example.com,2002-07-27,001-705-411-1344x54888
600,Jacob Garcia,Male,user600@example.com,1977-01-22,446.773.0999x74982
601,Loretta Edwards,Female,user601@example.com,1965-12-06,+1-776-679-6565x1636
602,Kyle Erickson,Male,user602@example.com,2001-08-14,(984)245-2448x28327
603,David Austin,Female,user603@example.com,1961-10-28,962.544.1072x4158
604,Michael Johnson,Female,user604@example.com,2010-03-10,(399)578-1898
605,Frank Morrison,Female,user605@example.com,2007-12-24,+1-950-908-3351x0356
606,Jesse Long,Female,user606@example.com,1995-11-17,452-916-9265
607,Matthew Thompson,Female,user607@example.com,1967-11-30,3456343406
608,Anita Smith MD,Male,user608@example.com,1992-03-08,425-450-7149
609,Andrew Dougherty,Male,user609@example.com,1983-06-26,(466)358-4599
610,Tanya Baker,Male,user610@example.com,1991-03-03,383-848-7848x343
